{
    "Kanye West": 5.788112964977466,
    "Drake": 4.848621844228134,
    "The Weeknd": 3.120099458909625,
    "Travis Scott": 2.6093836090586726,
    "Post Malone": 2.2703191444273343,
    "Lil Uzi Vert": 2.1615359620247796,
    "Roddy Ricch": 1.4487942019976547,
    "Unknown Artist": 1.2729045109701482,
    "Future": 1.1507000268426035,
    "One Direction": 1.0602828362742467,
    "Taylor Swift": 1,
    "Pusha T": 1,
    "Eminem": 0.9981210177585014,
    "Metro Boomin": 0.9642145712953675,
    "Ariana Grande": 0.9168868231072432,
    "Calvin Harris": 0.8780356865349025,
    "Justin Bieber": 0.8081036407046889,
    "YoungBoy Never Broke Again": 0.7678397355297176,
    "Trippie Redd": 0.6866055408784595,
    "Kendrick Lamar": 0.6675331647429468,
    "Ed Sheeran": 0.591950044502211,
    "Playboi Carti": 0.5686393625588064,
    "Olivia Rodrigo": 0.5658138253535453,
    "A$AP Rocky": 0.5530989079298702,
    "Halsey": 0.5283754573838351,
    "Shawn Mendes": 0.4859923993049179,
    "21 Savage": 0.46197533306019806,
    "The Kid LAROI": 0.4075837418589209,
    "XXXTENTACION": 0.40334543605102924,
    "Harry Styles": 0.3991071302431375,
    "Fetty Wap": 0.3673198366839495,
    "Selena Gomez": 0.3581368407668508,
    "Polo G": 0.3475410762471215,
    "Lil Skies": 0.33058785301555454,
    "Rihanna": 0.324230394303717,
    "Lil Baby": 0.3072771710721501,
    "Young Thug": 0.2571238856787647,
    "Lil Tjay": 0.25500473277481883,
    "J. Cole": 0.24652812115903536,
    "Marshmello": 0.2437025839537742,
    "Juice WRLD": 0.23663874094062134,
    "YNW Melly": 0.20979613749064044,
    "Lil Tecca": 0.11443425681307658,
    "Gunna": 0.04308944238023254,
    "A Boogie Wit da Hoodie": 0.02966814065524208,
    "Dro Kenji": 0.024017066244719776,
    "NAV": 0.003531921506576438,
    "Internet Money": -0.10171933938940142
}
